"id","city_name","lemmatized_city"
1,"Москва и область ","москва и область"
2,"Санкт-Петербург   ","санкт-петербург"
3,"Центр   ","центр"
4,"Белгород   ","белгород"
5,"Иваново   ","иваново"
6,"Калуга   ","калуга"
7,"Кострома   ","кострома"
8,"Курск   ","курск"
9,"Липецк   ","липецк"
10,"Орёл   ","орёл"
11,"Рязань   ","рязань"
12,"Смоленск   ","смоленск"
13,"Тамбов   ","тамбов"
14,"Тверь   ","тверь"
15,"Тула   ","тула"
16,"Ярославль   ","ярославль"
17,"Северо-Запад   ","северо-запад"
18,"Петрозаводск   ","петрозаводск"
19,"Сыктывкар   ","сыктывкар"
20,"Архангельск   ","архангельск"
21,"Вологда   ","вологда"
22,"Калининград   ","калининград"
23,"Мурманск   ","мурманск"
24,"Великий Новгород  ","великий новгород"
25,"Псков   ","псков"
26,"Юг   ","юг"
28,"Махачкала   ","махачкала"
30,"Нальчик   ","нальчик"
33,"Владикавказ   ","владикавказ"
35,"Краснодар   ","краснодар"
36,"Ставрополь   ","ставрополь"
37,"Астрахань   ","астрахань"
38,"Волгоград   ","волгоград"
39,"Ростов-на-Дону   ","ростов-на-дону"
40,"Поволжье   ","поволжье"
41,"Йошкар-Ола   ","йошкар-ола"
42,"Саранск   ","саранск"
43,"Казань   ","казань"
44,"Ижевск   ","ижевск"
45,"Чебоксары   ","чебоксары"
46,"Киров   ","киров"
47,"Нижний Новгород  ","нижний новгород"
48,"Оренбург   ","оренбург"
49,"Пенза   ","пенза"
50,"Пермь   ","пермь"
51,"Самара   ","самара"
52,"Урал   ","урал"
53,"Курган   ","курган"
54,"Екатеринбург   ","екатеринбург"
55,"Тюмень   ","тюмень"
56,"Челябинск   ","челябинск"
57,"Ханты-Мансийск   ","ханты-мансийск"
58,"Салехард   ","салехард"
59,"Сибирь   ","сибирь"
62,"Красноярск   ","красноярск"
63,"Иркутск   ","иркутск"
64,"Кемерово   ","кемерово"
65,"Новосибирск   ","новосибирск"
66,"Омск   ","омск"
67,"Томск   ","томск"
68,"Чита   ","чита"
73,"Дальний Восток  ","дальний восток"
74,"Якутск   ","якутск"
75,"Владивосток   ","владивосток"
76,"Хабаровск   ","хабаровск"
77,"Благовещенск   ","благовещенск"
78,"Петропавловск-Камчатский   ","петропавловск-камчатский"
79,"Магадан   ","магадан"
80,"Южно-Сахалинск   ","южно-сахалинск"
84,"США   ","сша"
93,"Аргентина   ","аргентина"
94,"Бразилия   ","бразилия"
95,"Канада   ","канада"
96,"Германия   ","германия"
102,"Великобритания   ","великобритания"
111,"Европа   ","европа"
113,"Австрия   ","австрия"
114,"Бельгия   ","бельгия"
115,"Болгария   ","болгария"
116,"Венгрия   ","венгрия"
117,"Литва   ","литва"
118,"Нидерланды   ","нидерланды"
119,"Норвегия   ","норвегия"
120,"Польша   ","польша"
121,"Словакия   ","словакия"
122,"Словения   ","словения"
123,"Финляндия   ","финляндия"
124,"Франция   ","франция"
125,"Чехия   ","чехия"
126,"Швейцария   ","швейцария"
127,"Швеция   ","швеция"
134,"Китай   ","китай"
135,"Южная Корея  ","южная корея"
137,"Япония   ","япония"
138,"Австралия и Океания ","австралия и океания"
139,"Новая Зеландия  ","новая зеландия"
141,"Днепропетровск   ","днепропетровск"
142,"Донецк   ","донецк"
143,"Киев   ","киев"
144,"Львов   ","львов"
145,"Одесса   ","одесса"
146,"Симферополь   ","симферополь"
147,"Харьков   ","харьков"
148,"Николаев   ","николаев"
149,"Беларусь   ","беларусь"
159,"Казахстан   ","казахстан"
162,"Алматы   ","алматы"
163,"Астана   ","астана"
165,"Семей   ","семей"
166,"СНГ (исключая Россию) ","снг (исключая россию)"
167,"Азербайджан   ","азербайджан"
168,"Армения   ","армения"
169,"Грузия   ","грузия"
170,"Туркмения   ","туркмения"
171,"Узбекистан   ","узбекистан"
172,"Уфа   ","уфа"
179,"Эстония   ","эстония"
180,"Сербия   ","сербия"
181,"Израиль   ","израиль"
183,"Азия   ","азия"
187,"Украина   ","украина"
191,"Брянск   ","брянск"
192,"Владимир   ","владимир"
193,"Воронеж   ","воронеж"
194,"Саратов   ","саратов"
195,"Ульяновск   ","ульяновск"
197,"Барнаул   ","барнаул"
198,"Улан-Удэ   ","улан-удэ"
203,"Дания   ","дания"
204,"Испания   ","испания"
205,"Италия   ","италия"
206,"Латвия   ","латвия"
207,"Киргизия   ","киргизия"
208,"Молдова   ","молдова"
209,"Таджикистан   ","таджикистан"
210,"Объединённые Арабские Эмираты ","объединённые арабские эмираты"
211,"Австралия   ","австралия"
213,"Москва   ","москва"
214,"Долгопрудный   ","долгопрудный"
215,"Дубна   ","дубна"
216,"Зеленоград   ","зеленоград"
217,"Пущино   ","пущино"
219,"Черноголовка   ","черноголовка"
222,"Луганск   ","луганск"
225,"Россия   ","россия"
235,"Магнитогорск   ","магнитогорск"
236,"Набережные Челны  ","набережные челны"
237,"Новокузнецк   ","новокузнецк"
238,"Новочеркасск   ","новочеркасск"
239,"Сочи   ","сочи"
240,"Тольятти   ","тольятти"
241,"Африка   ","африка"
246,"Греция   ","греция"
959,"Севастополь   ","севастополь"
960,"Запорожье   ","запорожье"
961,"Хмельницкий   ","хмельницкий"
962,"Херсон   ","херсон"
963,"Винница   ","винница"
964,"Полтава   ","полтава"
965,"Сумы   ","сумы"
967,"Обнинск   ","обнинск"
968,"Череповец   ","череповец"
969,"Выборг   ","выборг"
970,"Новороссийск   ","новороссийск"
971,"Таганрог   ","таганрог"
972,"Дзержинск   ","дзержинск"
973,"Сургут   ","сургут"
974,"Находка   ","находка"
975,"Бийск   ","бийск"
976,"Братск   ","братск"
977,"Крым   ","крым"
980,"Страны Балтии  ","страны балтии"
983,"Турция   ","турция"
994,"Индия   ","индия"
995,"Таиланд   ","таиланд"
1004,"Ближний Восток  ","ближний восток"
1056,"Египет   ","египет"
1058,"Туапсе   ","туапсе"
1091,"Нижневартовск   ","нижневартовск"
1092,"Назрань   ","назрань"
1093,"Майкоп   ","майкоп"
1094,"Элиста   ","элиста"
1095,"Абакан   ","абакан"
1104,"Черкесск   ","черкесск"
1106,"Грозный   ","грозный"
1107,"Анапа   ","анапа"
10002,"Северная Америка  ","северная америка"
10003,"Южная Америка  ","южная америка"
10083,"Хорватия   ","хорватия"
10174,"Санкт-Петербург и Ленинградская область","санкт-петербург и ленинградская область"
10176,"Ненецкий автономный округ ","ненецкий автономный округ"
10231,"Республика Алтай  ","республика алтай"
10233,"Республика Тыва  ","республика тыва"
10243,"Еврейская автономная область ","еврейская автономная область"
10251,"Чукотский автономный округ ","чукотский автономный округ"
10303,"Талдыкорган   ","талдыкорган"
10306,"Усть-Каменогорск   ","усть-каменогорск"
10347,"Кривой Рог  ","кривой рог"
10366,"Мариуполь   ","мариуполь"
10369,"Белая Церковь  ","белая церковь"
10645,"Белгородская область  ","белгородская область"
10646,"Губкин   ","губкин"
10649,"Старый Оскол  ","старый оскол"
10650,"Брянская область  ","брянская область"
10653,"Клинцы   ","клинцы"
10656,"Александров   ","александров"
10658,"Владимирская область  ","владимирская область"
10661,"Гусь-Хрустальный   ","гусь-хрустальный"
10663,"Киржач   ","киржач"
10664,"Ковров   ","ковров"
10668,"Муром   ","муром"
10672,"Воронежская область  ","воронежская область"
10681,"Россошь   ","россошь"
10687,"Ивановская область  ","ивановская область"
10689,"Кинешма   ","кинешма"
10691,"Шуя   ","шуя"
10693,"Калужская область  ","калужская область"
10697,"Малоярославец   ","малоярославец"
10699,"Костромская область  ","костромская область"
10705,"Курская область  ","курская область"
10710,"Железногорск   ","железногорск"
10712,"Липецкая область  ","липецкая область"
10713,"Елец   ","елец"
10715,"Апрелевка   ","апрелевка"
10716,"Балашиха   ","балашиха"
10717,"Бронницы   ","бронницы"
10719,"Видное   ","видное"
10721,"Волоколамск   ","волоколамск"
10722,"Воскресенск   ","воскресенск"
10723,"Дмитров   ","дмитров"
10725,"Домодедово   ","домодедово"
10727,"Егорьевск   ","егорьевск"
10728,"Зарайск   ","зарайск"
10729,"Звенигород   ","звенигород"
10731,"Истра   ","истра"
10732,"Кашира   ","кашира"
10733,"Клин   ","клин"
10734,"Коломна   ","коломна"
10735,"Красногорск   ","красногорск"
10737,"Луховицы   ","луховицы"
10738,"Люберцы   ","люберцы"
10739,"Можайск   ","можайск"
10740,"Мытищи   ","мытищи"
10741,"Наро-Фоминск   ","наро-фоминск"
10742,"Ногинск   ","ногинск"
10743,"Одинцово   ","одинцово"
10745,"Орехово-Зуево   ","орехово-зуево"
10746,"Павловский Посад  ","павловский посад"
10747,"Подольск   ","подольск"
10748,"Пушкино   ","пушкино"
10750,"Раменское   ","раменское"
10751,"Руза   ","руза"
10752,"Сергиев Посад  ","сергиев посад"
10754,"Серпухов   ","серпухов"
10755,"Солнечногорск   ","солнечногорск"
10756,"Ступино   ","ступино"
10758,"Химки   ","химки"
10761,"Чехов   ","чехов"
10762,"Шатура   ","шатура"
10765,"Щелково   ","щелково"
10772,"Орловская область  ","орловская область"
10773,"Касимов   ","касимов"
10776,"Рязанская область  ","рязанская область"
10782,"Вязьма   ","вязьма"
10783,"Гагарин   ","гагарин"
10795,"Смоленская область  ","смоленская область"
10801,"Ярцево   ","ярцево"
10802,"Тамбовская область  ","тамбовская область"
10803,"Мичуринск   ","мичуринск"
10805,"Бологое   ","бологое"
10807,"Вышний Волочёк  ","вышний волочёк"
10811,"Кимры   ","кимры"
10812,"Конаково   ","конаково"
10819,"Тверская область  ","тверская область"
10820,"Ржев   ","ржев"
10824,"Удомля   ","удомля"
10828,"Ефремов   ","ефремов"
10830,"Новомосковск   ","новомосковск"
10832,"Тульская область  ","тульская область"
10837,"Переславль-Залесский   ","переславль-залесский"
10839,"Рыбинск   ","рыбинск"
10840,"Углич   ","углич"
10841,"Ярославская область  ","ярославская область"
10842,"Архангельская область  ","архангельская область"
10846,"Котлас   ","котлас"
10849,"Северодвинск   ","северодвинск"
10853,"Вологодская область  ","вологодская область"
10857,"Калининградская область  ","калининградская область"
10860,"Советск   ","советск"
10864,"Волхов   ","волхов"
10865,"Всеволожск   ","всеволожск"
10867,"Гатчина   ","гатчина"
10870,"Кингисепп   ","кингисепп"
10871,"Кириши   ","кириши"
10872,"Кировск   ","кировск"
10876,"Луга   ","луга"
10881,"Подпорожье   ","подпорожье"
10883,"Приозерск   ","приозерск"
10884,"Пушкин   ","пушкин"
10888,"Сланцы   ","сланцы"
10891,"Сосновый Бор  ","сосновый бор"
10892,"Тихвин   ","тихвин"
10893,"Тосно   ","тосно"
10894,"Апатиты   ","апатиты"
10895,"Кандалакша   ","кандалакша"
10896,"Мончегорск   ","мончегорск"
10897,"Мурманская область  ","мурманская область"
10902,"Нарьян-Мар   ","нарьян-мар"
10904,"Новгородская область  ","новгородская область"
10906,"Боровичи   ","боровичи"
10923,"Старая Русса  ","старая русса"
10926,"Псковская область  ","псковская область"
10928,"Великие Луки  ","великие луки"
10933,"Республика Карелия  ","республика карелия"
10934,"Кондопога   ","кондопога"
10935,"Костомукша   ","костомукша"
10936,"Сегежа   ","сегежа"
10937,"Сортавала   ","сортавала"
10939,"Республика Коми  ","республика коми"
10940,"Воркута   ","воркута"
10941,"Инта   ","инта"
10942,"Печора   ","печора"
10944,"Усинск   ","усинск"
10945,"Ухта   ","ухта"
10946,"Астраханская область  ","астраханская область"
10950,"Волгоградская область  ","волгоградская область"
10951,"Волжский   ","волжский"
10959,"Камышин   ","камышин"
10965,"Михайловка   ","михайловка"
10981,"Урюпинск   ","урюпинск"
10987,"Армавир   ","армавир"
10988,"Белореченск   ","белореченск"
10990,"Геленджик   ","геленджик"
10993,"Ейск   ","ейск"
10995,"Краснодарский край  ","краснодарский край"
10996,"Кропоткин   ","кропоткин"
10997,"Крымск   ","крымск"
11002,"Тихорецк   ","тихорецк"
11004,"Республика Адыгея  ","республика адыгея"
11006,"Буйнакск   ","буйнакск"
11007,"Дербент   ","дербент"
11008,"Каспийск   ","каспийск"
11009,"Кизляр   ","кизляр"
11010,"Республика Дагестан  ","республика дагестан"
11011,"Хасавюрт   ","хасавюрт"
11012,"Республика Ингушетия  ","республика ингушетия"
11013,"Кабардино-Балкарская Республика  ","кабардино-балкарская республика"
11015,"Республика Калмыкия  ","республика калмыкия"
11020,"Карачаево-Черкесская Республика  ","карачаево-черкесская республика"
11021,"Республика Северная Осетия-Алания ","республика северная осетия-алания"
11024,"Чеченская Республика  ","чеченская республика"
11029,"Ростовская область  ","ростовская область"
11030,"Азов   ","азов"
11034,"Белая Калитва  ","белая калитва"
11036,"Волгодонск   ","волгодонск"
11043,"Каменск-Шахтинский   ","каменск-шахтинский"
11053,"Шахты   ","шахты"
11055,"Буденновск   ","буденновск"
11056,"Георгиевск   ","георгиевск"
11057,"Ессентуки   ","ессентуки"
11062,"Кисловодск   ","кисловодск"
11063,"Минеральные Воды  ","минеральные воды"
11064,"Невинномысск   ","невинномысск"
11067,"Пятигорск   ","пятигорск"
11069,"Ставропольский край  ","ставропольский край"
11070,"Кировская область  ","кировская область"
11071,"Кирово-Чепецк   ","кирово-чепецк"
11077,"Республика Марий Эл ","республика марий эл"
11079,"Нижегородская область  ","нижегородская область"
11080,"Арзамас   ","арзамас"
11082,"Павлово   ","павлово"
11083,"Саров   ","саров"
11084,"Оренбургская область  ","оренбургская область"
11086,"Бузулук   ","бузулук"
11087,"Гай   ","гай"
11090,"Новотроицк   ","новотроицк"
11091,"Орск   ","орск"
11095,"Пензенская область  ","пензенская область"
11101,"Кузнецк   ","кузнецк"
11108,"Пермский край  ","пермский край"
11110,"Соликамск   ","соликамск"
11111,"Республика Башкортостан  ","республика башкортостан"
11113,"Кумертау   ","кумертау"
11114,"Нефтекамск   ","нефтекамск"
11115,"Салават   ","салават"
11116,"Стерлитамак   ","стерлитамак"
11117,"Республика Мордовия  ","республика мордовия"
11119,"Республика Татарстан  ","республика татарстан"
11121,"Альметьевск   ","альметьевск"
11122,"Бугульма   ","бугульма"
11127,"Нижнекамск   ","нижнекамск"
11131,"Самарская область  ","самарская область"
11132,"Жигулёвск   ","жигулёвск"
11139,"Сызрань   ","сызрань"
11143,"Балаково   ","балаково"
11144,"Балашов   ","балашов"
11146,"Саратовская область  ","саратовская область"
11147,"Энгельс   ","энгельс"
11148,"Удмуртская Республика  ","удмуртская республика"
11149,"Воткинск   ","воткинск"
11150,"Глазов   ","глазов"
11152,"Сарапул   ","сарапул"
11153,"Ульяновская область  ","ульяновская область"
11155,"Димитровград   ","димитровград"
11156,"Чувашская Республика  ","чувашская республика"
11158,"Курганская область  ","курганская область"
11159,"Шадринск   ","шадринск"
11160,"Асбест   ","асбест"
11161,"Верхняя Салда  ","верхняя салда"
11162,"Свердловская область  ","свердловская область"
11164,"Каменск-Уральский   ","каменск-уральский"
11165,"Краснотурьинск   ","краснотурьинск"
11166,"Кушва   ","кушва"
11167,"Лесной   ","лесной"
11168,"Нижний Тагил  ","нижний тагил"
11169,"Нижняя Тура  ","нижняя тура"
11170,"Новоуральск   ","новоуральск"
11171,"Первоуральск   ","первоуральск"
11172,"Серов   ","серов"
11173,"Ишим   ","ишим"
11175,"Тобольск   ","тобольск"
11176,"Тюменская область  ","тюменская область"
11177,"Югорск   ","югорск"
11178,"Ялуторовск   ","ялуторовск"
11180,"Когалым   ","когалым"
11181,"Лангепас   ","лангепас"
11182,"Мегион   ","мегион"
11184,"Нефтеюганск   ","нефтеюганск"
11186,"Нягань   ","нягань"
11188,"Пыть-Ях   ","пыть-ях"
11189,"Радужный   ","радужный"
11192,"Урай   ","урай"
11193,"Ханты-Мансийский автономный округ ","ханты-мансийский автономный округ"
11200,"Верхний Уфалей  ","верхний уфалей"
11202,"Златоуст   ","златоуст"
11207,"Копейск   ","копейск"
11212,"Миасс   ","миасс"
11214,"Озёрск   ","озёрск"
11217,"Сатка   ","сатка"
11218,"Снежинск   ","снежинск"
11220,"Троицк   ","троицк"
11223,"Усть-Катав   ","усть-катав"
11225,"Челябинская область  ","челябинская область"
11228,"Губкинский   ","губкинский"
11229,"Надым   ","надым"
11230,"Новый Уренгой  ","новый уренгой"
11231,"Ноябрьск   ","ноябрьск"
11232,"Ямало-Ненецкий автономный округ ","ямало-ненецкий автономный округ"
11235,"Алтайский край  ","алтайский край"
11240,"Заринск   ","заринск"
11251,"Рубцовск   ","рубцовск"
11256,"Ангарск   ","ангарск"
11266,"Иркутская область  ","иркутская область"
11268,"Нижнеудинск   ","нижнеудинск"
11270,"Тайшет   ","тайшет"
11271,"Тулун   ","тулун"
11272,"Усолье-Сибирское   ","усолье-сибирское"
11273,"Усть-Илимск   ","усть-илимск"
11274,"Черемхово   ","черемхово"
11276,"Анжеро-Судженск   ","анжеро-судженск"
11277,"Белово   ","белово"
11282,"Кемеровская область  ","кемеровская область"
11283,"Киселёвск   ","киселёвск"
11285,"Ленинск-Кузнецкий   ","ленинск-кузнецкий"
11287,"Междуреченск   ","междуреченск"
11288,"Мыски   ","мыски"
11291,"Прокопьевск   ","прокопьевск"
11292,"Полысаево   ","полысаево"
11299,"Юрга   ","юрга"
11302,"Ачинск   ","ачинск"
11309,"Красноярский край  ","красноярский край"
11310,"Минусинск   ","минусинск"
11311,"Норильск   ","норильск"
11316,"Новосибирская область  ","новосибирская область"
11318,"Омская область  ","омская область"
11319,"Горно-Алтайск   ","горно-алтайск"
11327,"Северобайкальск   ","северобайкальск"
11330,"Республика Бурятия  ","республика бурятия"
11340,"Республика Хакасия  ","республика хакасия"
11351,"Северск   ","северск"
11352,"Стрежевой   ","стрежевой"
11353,"Томская область  ","томская область"
11374,"Белогорск   ","белогорск"
11375,"Амурская область  ","амурская область"
11387,"Свободный   ","свободный"
11391,"Тында   ","тында"
11398,"Камчатский край  ","камчатский край"
11403,"Магаданская область  ","магаданская область"
11405,"Арсеньев   ","арсеньев"
11406,"Артём   ","артём"
11409,"Приморский край  ","приморский край"
11411,"Дальнегорск   ","дальнегорск"
11426,"Уссурийск   ","уссурийск"
11437,"Нерюнгри   ","нерюнгри"
11443,"Республика Саха (Якутия) ","республика саха (якутия)"
11450,"Сахалинская область  ","сахалинская область"
11451,"Амурск   ","амурск"
11453,"Комсомольск-на-Амуре   ","комсомольск-на-амуре"
11457,"Хабаровский край  ","хабаровский край"
11463,"Евпатория   ","евпатория"
11464,"Керчь   ","керчь"
11469,"Феодосия   ","феодосия"
11470,"Ялта   ","ялта"
11471,"Алушта   ","алушта"
11472,"Судак   ","судак"
20010,"Рузаевка   ","рузаевка"
20020,"Вятские Поляны  ","вятские поляны"
20040,"Выкса   ","выкса"
20044,"Кстово   ","кстово"
20078,"Шумерля   ","шумерля"
20088,"Зеленогорск   ","зеленогорск"
20097,"Усть-Кут   ","усть-кут"
20100,"Искитим   ","искитим"
20155,"Оленегорск   ","оленегорск"
20167,"Ахтубинск   ","ахтубинск"
20192,"Алексеевка   ","алексеевка"
20196,"Шебекино   ","шебекино"
20224,"Ревда   ","ревда"
20234,"Качканар   ","качканар"
20235,"Октябрьский   ","октябрьский"
20237,"Березники   ","березники"
20243,"Чайковский   ","чайковский"
20244,"Лысьва   ","лысьва"
20259,"Белорецк   ","белорецк"
20293,"Колпинский район  ","колпинский район"
20297,"Пушкинский район  ","пушкинский район"
20523,"Электросталь   ","электросталь"
20524,"Запад   ","запад"
20525,"Восток   ","восток"
20528,"Север   ","север"
20529,"Львов и область ","львов и область"
20530,"Ужгород и Закарпатская область","ужгород и закарпатская область"
20531,"Тернополь и область ","тернополь и область"
20532,"Ивано-Франковск и область ","ивано-франковск и область"
20533,"Черновцы и область ","черновцы и область"
20534,"Ровно и область ","ровно и область"
20535,"Хмельницкий и область ","хмельницкий и область"
20536,"Донецк и область ","донецк и область"
20537,"Днепропетровск и область ","днепропетровск и область"
20538,"Харьков и область ","харьков и область"
20539,"Запорожье и область ","запорожье и область"
20540,"Луганск и область ","луганск и область"
20541,"Одесса и область ","одесса и область"
20542,"Херсон и область ","херсон и область"
20543,"Николаев и область ","николаев и область"
20544,"Киев и область ","киев и область"
20545,"Винница и область ","винница и область"
20546,"Черкассы и область ","черкассы и область"
20547,"Житомир и область ","житомир и область"
20548,"Кировоград и область ","кировоград и область"
20549,"Полтава и область ","полтава и область"
20550,"Луцк и Волынская область","луцк и волынская область"
20551,"Чернигов и область ","чернигов и область"
20552,"Сумы и область ","сумы и область"
20554,"Краматорск   ","краматорск"
20556,"Саки   ","саки"
20571,"Жуковский   ","жуковский"
20574,"Кипр   ","кипр"
20576,"Протвино   ","протвино"
20587,"Строитель   ","строитель"
20654,"Невьянск   ","невьянск"
20667,"Богородицк   ","богородицк"
20672,"Североуральск   ","североуральск"
20680,"Учалы   ","учалы"
20684,"Реж   ","реж"
20691,"Красноуфимск   ","красноуфимск"
20704,"Славянск-на-Кубани   ","славянск-на-кубани"
20707,"Курчатов   ","курчатов"
20714,"Белебей   ","белебей"
20715,"Мелеуз   ","мелеуз"
20716,"Сибай   ","сибай"
20717,"Туймазы   ","туймазы"
20718,"Ишимбай   ","ишимбай"
20720,"Верхняя Пышма  ","верхняя пышма"
20721,"Волжск   ","волжск"
20728,"Королёв   ","королёв"
20809,"Кокшетау   ","кокшетау"
20975,"Камбоджа   ","камбоджа"
21141,"Тимашёвск   ","тимашёвск"
21154,"Тутаев   ","тутаев"
21521,"Избербаш   ","избербаш"
21609,"Кременчуг   ","кременчуг"
21610,"Черногория   ","черногория"
21619,"Фрязино   ","фрязино"
21621,"Реутов   ","реутов"
21623,"Ивантеевка   ","ивантеевка"
21624,"Щербинка   ","щербинка"
21625,"Кубинка   ","кубинка"
21627,"Дедовск   ","дедовск"
21630,"Лыткарино   ","лыткарино"
21635,"Лосино-Петровский   ","лосино-петровский"
21641,"Лобня   ","лобня"
21642,"Электроугли   ","электроугли"
21645,"Хотьково   ","хотьково"
21646,"Голицыно   ","голицыно"
21647,"Краснознаменск   ","краснознаменск"
21656,"Старая Купавна  ","старая купавна"
21726,"Полевской   ","полевской"
21735,"Дзержинский   ","дзержинский"
21745,"Нахабино   ","нахабино"
21773,"Никополь   ","никополь"
21774,"Горловка   ","горловка"
21775,"Днепродзержинск   ","днепродзержинск"
21949,"Забайкальский край  ","забайкальский край"
24696,"Бахчисарайский район  ","бахчисарайский район"
24702,"Ленинский район  ","ленинский район"
24876,"Макеевка   ","макеевка"
24885,"Алчевск   ","алчевск"
24893,"Северодонецк   ","северодонецк"
26081,"Колпино   ","колпино"
27217,"Бахчисарай   ","бахчисарай"
27555,"Джанкой   ","джанкой"
27693,"Красноперекопск   ","красноперекопск"
28401,"Павлоград   ","павлоград"
28786,"Щёлкино   ","щёлкино"
28892,"Армянск   ","армянск"
29053,"Нежин   ","нежин"
29386,"Абхазия   ","абхазия"
29397,"Берёзовский   ","берёзовский"
29403,"Астана и Акмолинская область","астана и акмолинская область"
29404,"Актобе и область ","актобе и область"
29406,"Алматы и область ","алматы и область"
29407,"Атырау и область ","атырау и область"
29408,"Восточно-Казахстанская область  ","восточно-казахстанская область"
29409,"Тараз и Жамбылская область","тараз и жамбылская область"
29410,"Западно-Казахстанская область  ","западно-казахстанская область"
29411,"Караганда и область ","караганда и область"
29412,"Костанай и область ","костанай и область"
29413,"Кызылорда и область ","кызылорда и область"
29414,"Актау и Мангистауская область","актау и мангистауская область"
29415,"Павлодар и область ","павлодар и область"
29416,"Северо-Казахстанская область  ","северо-казахстанская область"
29417,"Южно-Казахстанская область  ","южно-казахстанская область"
29629,"Могилёв и область ","могилёв и область"
29630,"Минск и область ","минск и область"
29631,"Гомель и область ","гомель и область"
29632,"Брест и область ","брест и область"
29633,"Витебск и область ","витебск и область"
29634,"Гродно и область ","гродно и область"
37129,"Покров   ","покров"
37133,"Новочебоксарск   ","новочебоксарск"
37147,"Климовск   ","климовск"
98580,"Волоколамский район  ","волоколамский район"
98581,"Воскресенский район  ","воскресенский район"
98582,"Дмитровский район  ","дмитровский район"
98584,"Егорьевский район  ","егорьевский район"
98585,"Зарайский район  ","зарайский район"
98586,"Истринский район  ","истринский район"
98587,"Каширский район  ","каширский район"
98588,"Клинский район  ","клинский район"
98590,"Красногорский район  ","красногорский район"
98593,"Луховицкий район  ","луховицкий район"
98594,"Люберецкий район  ","люберецкий район"
98595,"Можайский район  ","можайский район"
98596,"Мытищинский район  ","мытищинский район"
98597,"Наро-Фоминский район  ","наро-фоминский район"
98598,"Ногинский район  ","ногинский район"
98599,"Одинцовский район  ","одинцовский район"
98602,"Павлово-Посадский район  ","павлово-посадский район"
98605,"Раменский район  ","раменский район"
98606,"Рузский район  ","рузский район"
98607,"Ступинский район  ","ступинский район"
98608,"Сергиево-Посадский район  ","сергиево-посадский район"
98611,"Солнечногорский район  ","солнечногорский район"
98614,"Чеховский район  ","чеховский район"
98615,"Шатурский район  ","шатурский район"
98617,"Щелковский район  ","щелковский район"
98620,"Волховский район  ","волховский район"
98621,"Всеволожский район  ","всеволожский район"
98622,"Выборгский район  ","выборгский район"
98623,"Гатчинский район  ","гатчинский район"
98624,"Кингисеппский район  ","кингисеппский район"
98625,"Киришский район  ","киришский район"
98626,"Кировский район  ","кировский район"
98629,"Лужский район  ","лужский район"
98630,"Подпорожский район  ","подпорожский район"
98631,"Приозерский район  ","приозерский район"
98632,"Сланцевский район  ","сланцевский район"
98633,"Тихвинский район  ","тихвинский район"
98634,"Тосненский район  ","тосненский район"
98697,"Алексеевский район  ","алексеевский район"
98716,"Шебекинский район  ","шебекинский район"
98717,"Яковлевский район  ","яковлевский район"
98745,"Александровский район  ","александровский район"
98750,"Киржачский район  ","киржачский район"
98755,"Петушинский район  ","петушинский район"
98787,"Россошанский район  ","россошанский район"
98826,"Малоярославецкий район  ","малоярославецкий район"
98958,"Вяземский район  ","вяземский район"
98959,"Гагаринский район  ","гагаринский район"
98981,"Ярцевский район  ","ярцевский район"
99008,"Бологовский район  ","бологовский район"
99019,"Конаковский район  ","конаковский район"
99039,"Удомельский район  ","удомельский район"
99044,"Богородицкий район  ","богородицкий район"
99078,"Тутаевский район  ","тутаевский район"
99079,"Угличский район  ","угличский район"
99146,"Боровичский район  ","боровичский район"
99161,"Старорусский район  ","старорусский район"
99193,"Кондопожский район  ","кондопожский район"
99203,"Сегежский район  ","сегежский район"
99210,"Район Печора  ","район печора"
99221,"Ахтубинский район  ","ахтубинский район"
99269,"Белореченский район  ","белореченский район"
99274,"Ейский район  ","ейский район"
99275,"Кавказский район  ","кавказский район"
99281,"Крымский район  ","крымский район"
99293,"Славянский район  ","славянский район"
99297,"Тимашевский район  ","тимашевский район"
99298,"Тихорецкий район  ","тихорецкий район"
99299,"Туапсинский район  ","туапсинский район"
99411,"Белокалитвинский район  ","белокалитвинский район"
99456,"Буденновский район  ","буденновский район"
99555,"Кстовский район  ","кстовский район"
99560,"Павловский район  ","павловский район"
99675,"Белебеевский район  ","белебеевский район"
99677,"Белорецкий район  ","белорецкий район"
99694,"Ишимбайский район  ","ишимбайский район"
99703,"Мелеузовский район  ","мелеузовский район"
99712,"Туймазинский район  ","туймазинский район"
99714,"Учалинский район  ","учалинский район"
99817,"Балаковский район  ","балаковский район"
99818,"Балашовский район  ","балашовский район"
99850,"Энгельсский район  ","энгельсский район"
100020,"Саткинский район  ","саткинский район"
100028,"Надымский район  ","надымский район"
100109,"Нижнеудинский район  ","нижнеудинский район"
100112,"Тайшетский район  ","тайшетский район"
100116,"Усть-Кутский район  ","усть-кутский район"
100398,"Амурский район  ","амурский район"
100471,"Красноармейск   ","красноармейск"
101749,"Кандалакшский район  ","кандалакшский район"
101987,"Нерюнгринский район  ","нерюнгринский район"
102444,"Северный Кавказ  ","северный кавказ"
103668,"Провинция Агры  ","провинция агры"
103669,"Провинция Адана  ","провинция адана"
103670,"Провинция Адыяман  ","провинция адыяман"
103671,"Провинция Айдын  ","провинция айдын"
103672,"Провинция Аксарай  ","провинция аксарай"
103673,"Провинция Амасья  ","провинция амасья"
103674,"Провинция Анкара  ","провинция анкара"
103675,"Провинция Анталья  ","провинция анталья"
103676,"Провинция Ардахан  ","провинция ардахан"
103677,"Провинция Артвин  ","провинция артвин"
103678,"Провинция Афьонкарахисар  ","провинция афьонкарахисар"
103679,"Провинция Байбурт  ","провинция байбурт"
103680,"Провинция Балыкесир  ","провинция балыкесир"
103681,"Провинция Бартын  ","провинция бартын"
103682,"Провинция Батман  ","провинция батман"
103683,"Провинция Биледжик  ","провинция биледжик"
103684,"Провинция Бингёль  ","провинция бингёль"
103685,"Провинция Битлис  ","провинция битлис"
103686,"Провинция Болу  ","провинция болу"
103687,"Провинция Бурдур  ","провинция бурдур"
103688,"Провинция Бурса  ","провинция бурса"
103689,"Провинция Ван  ","провинция ван"
103690,"Провинция Газиантеп  ","провинция газиантеп"
103691,"Провинция Гиресун  ","провинция гиресун"
103692,"Провинция Гюмюшхане  ","провинция гюмюшхане"
103693,"Провинция Денизли  ","провинция денизли"
103694,"Провинция Диярбакыр  ","провинция диярбакыр"
103695,"Провинция Дюздже  ","провинция дюздже"
103696,"Провинция Зонгулдак  ","провинция зонгулдак"
103697,"Провинция Измир  ","провинция измир"
103698,"Провинция Йозгат  ","провинция йозгат"
103699,"Провинция Кайсери  ","провинция кайсери"
103700,"Провинция Карабюк  ","провинция карабюк"
103701,"Провинция Караман  ","провинция караман"
103702,"Провинция Карс  ","провинция карс"
103703,"Провинция Кастамону  ","провинция кастамону"
103704,"Провинция Кахраманмараш  ","провинция кахраманмараш"
103705,"Провинция Килис  ","провинция килис"
103706,"Провинция Коджаэли  ","провинция коджаэли"
103707,"Провинция Конья  ","провинция конья"
103708,"Провинция Кыркларели  ","провинция кыркларели"
103709,"Провинция Кыршехир  ","провинция кыршехир"
103710,"Провинция Кырыккале  ","провинция кырыккале"
103711,"Провинция Кютахья  ","провинция кютахья"
103712,"Провинция Малатья  ","провинция малатья"
103713,"Провинция Маниса  ","провинция маниса"
103714,"Провинция Мардин  ","провинция мардин"
103715,"Провинция Мерсин  ","провинция мерсин"
103716,"Провинция Мугла  ","провинция мугла"
103717,"Провинция Муш  ","провинция муш"
103718,"Провинция Невшехир  ","провинция невшехир"
103719,"Провинция Нигде  ","провинция нигде"
103720,"Провинция Орду  ","провинция орду"
103721,"Провинция Османие  ","провинция османие"
103722,"Провинция Ризе  ","провинция ризе"
103723,"Провинция Сакарья  ","провинция сакарья"
103724,"Провинция Самсун  ","провинция самсун"
103725,"Провинция Сивас  ","провинция сивас"
103726,"Провинция Сиирт  ","провинция сиирт"
103727,"Провинция Синоп  ","провинция синоп"
103728,"Провинция Стамбул  ","провинция стамбул"
103729,"Провинция Текирдаг  ","провинция текирдаг"
103730,"Провинция Токат  ","провинция токат"
103731,"Провинция Трабзон  ","провинция трабзон"
103732,"Провинция Тунджели  ","провинция тунджели"
103733,"Провинция Ушак  ","провинция ушак"
103734,"Провинция Хаккяри  ","провинция хаккяри"
103735,"Провинция Хатай  ","провинция хатай"
103736,"Провинция Чанаккале  ","провинция чанаккале"
103737,"Провинция Чанкыры  ","провинция чанкыры"
103738,"Провинция Чорум  ","провинция чорум"
103739,"Провинция Шанлыурфа  ","провинция шанлыурфа"
103740,"Провинция Ширнак  ","провинция ширнак"
103741,"Провинция Ыгдыр  ","провинция ыгдыр"
103742,"Провинция Ыспарта  ","провинция ыспарта"
103743,"Провинция Эдирне  ","провинция эдирне"
103744,"Провинция Элязыг  ","провинция элязыг"
103745,"Провинция Эрзинджан  ","провинция эрзинджан"
103746,"Провинция Эрзурум  ","провинция эрзурум"
103747,"Провинция Эскишехир  ","провинция эскишехир"
103748,"Провинция Ялова  ","провинция ялова"
110916,"Чайковский район  ","чайковский район"
110934,"Сортавальский район  ","сортавальский район"
